id,pr_gene_id,pr_gene_symbol,pr_p100_base_peptide,pr_p100_cluster,pr_p100_gene_cluster_code,pr_p100_modified_peptide_code,pr_p100_original_probe_id,pr_p100_phosphosite,pr_uniprot_id,pr_probe_normalization_group,pr_probe_suitability_manual
10011_DYRK_Y321_IYQY[+80]IQSR,1859,DYRK1A,IYQYIQSR,CL27,DYRK_CL27,IYQY[+80]IQSR,10011_DYRK_Y321,Y321,Q13627,1,TRUE
1024_ISPK1_S369_TPKDS[+80]PGIPPSANAHQLFR,6197,RPS6KA3,TPKDSPGIPPSANAHQLFR,CL14,ISPK1_CL14,TPKDS[+80]PGIPPSANAHQLFR,1024_ISPK1_S369,S369,P51812,1,TRUE
1078_ARM2_S87_RNS[+80]SEASSGDFLDLK,51155,HN1,RNSSEASSGDFLDLK,CL13,ARM2_CL13,RNS[+80]SEASSGDFLDLK,1078_ARM2_S87,S87,Q9UK76,1,TRUE
1130_HSPC216_S321_LPLVPES[+80]PRR,51530,ZC3HC1,LPLVPESPRR,CL02,HSPC216_CL02,LPLVPES[+80]PRR,1130_HSPC216_S321,S321,Q86WB0,1,TRUE
1142_CTG26_S956_ANAS[+80]PQKPLDLK,9612,NCOR2,ANASPQKPLDLK,CL40,CTG26_CL40,ANAS[+80]PQKPLDLK,1142_CTG26_S956,S956,Q9Y618,1,TRUE
12_KIAA0701_S935_SMS[+80]VDLSHIPLKDPLLFK,23074,KIAA0701,SMSVDLSHIPLKDPLLFK,CL15,KIAA0701_CL15,SMS[+80]VDLSHIPLKDPLLFK,12_KIAA0701_S935,S935,A0JNW5,1,TRUE
1458_OCIA_S108_LENS[+80]PLGEALR,54940,OCIAD1,LENSPLGEALR,CL23,OCIA_CL23,LENS[+80]PLGEALR,1458_OCIA_S108,S108,Q9NX40,1,TRUE
1503_PDK1_S241_ANS[+80]FVGTAQYVSPELLTEK,5170,PDPK1,ANSFVGTAQYVSPELLTEK,CL46,PDK1_CL46,ANS[+80]FVGTAQYVSPELLTEK,1503_PDK1_S241,S241,O15530,1,TRUE
151_ABI1_S184_TNPPTQKPPS[+80]PPMSGR,10006,ABI1,TNPPTQKPPSPPMSGR,CL08,ABI1_CL08,TNPPTQKPPS[+80]PPMSGR,151_ABI1_S184,S183,Q8IZP0,1,TRUE
1797_WDR20_S465_SNS[+80]LPHSAVSNAGSK,91833,WDR20,SNSLPHSAVSNAGSK,CL34,WDR20_CL34,SNS[+80]LPHSAVSNAGSK,1797_WDR20_S465,S465,E7EUY8,1,TRUE
1811_MAP4_S2218_VGS[+80]LDNVGHLPAGGAVK,4134,MAP4,VGSLDNVGHLPAGGAVK,CL38,MAP4_CL38,VGS[+80]LDNVGHLPAGGAVK,1811_MAP4_S2218,S2218,E7EVA0,1,TRUE
1953_RBM17_S222_S[+80]PTGPSNSFLANMGGTVAHK,84991,RBM17,SPTGPSNSFLANMGGTVAHK,CL16,RBM17_CL16,S[+80]PTGPSNSFLANMGGTVAHK,1953_RBM17_S222,S222,Q96I25,1,TRUE
2328_IQGAP3_S1424_S[+80]LTAHSLLPLAEK,128239,IQGAP3,SLTAHSLLPLAEK,CL50,IQGAP3_CL50,S[+80]LTAHSLLPLAEK,2328_IQGAP3_S1424,S1424,Q86VI3,1,TRUE
2577_C9orf88_S692_AAPEAS[+80]SPPASPLQHLLPGK,64855,FAM129B,AAPEASSPPASPLQHLLPGK,CL14,C9orf88_CL14,AAPEAS[+80]SPPASPLQHLLPGK,2577_C9orf88_S692,S692,Q96TA1,1,TRUE
290_TMSL3_S2_S[+122]DKPDM[+16]AEIEKFDK,7114,TMSB4X,SDKPDMAEIEKFDK,CL03,TMSL3_CL03,S[+122]DKPDM[+16]AEIEKFDK,290_TMSL3_S2,S2,P62328,1,TRUE
290_TMSL3_S2_S[+122]DKPDMAEIEKFDK,7114,TMSB4X,SDKPDMAEIEKFDK,CL03,TMSL3_CL03,S[+122]DKPDMAEIEKFDK,290_TMSL3_S2,S2,P62328,1,TRUE
2948_CLTA_S105_LQS[+80]EPESIR,1211,CLTA,LQSEPESIR,CL53,CLTA_CL53,LQS[+80]EPESIR,2948_CLTA_S105,S105,P09496,1,TRUE
296_AP1GBP1_S1075_SLS[+80]LGDKEISR,11276,AP1GBP1,SLSLGDKEISR,CL55,AP1GBP1_CL55,SLS[+80]LGDKEISR,296_AP1GBP1_S1075,S1075,Q9UMZ2,1,TRUE
3013_ZC3H14_S515_DLVQPDKPAS[+80]PK,79882,ZC3H14,DLVQPDKPASPK,CL29,ZC3H14_CL29,DLVQPDKPAS[+80]PK,3013_ZC3H14_S515,S515,Q6PJT7,1,TRUE
3145_PFKF_S386_S[+80]FAGNLNTYKR,5214,PFKP,SFAGNLNTYKR,CL03,PFKF_CL03,S[+80]FAGNLNTYKR,3145_PFKF_S386,S386,Q01813,1,TRUE
3169_KIAA0217_S601_SPS[+80]PAHLPDDPKVAEK,23185,LARP5,SPSPAHLPDDPKVAEK,CL39,KIAA0217_CL39,SPS[+80]PAHLPDDPKVAEK,3169_KIAA0217_S601,S601,Q92615,1,TRUE
3340_HAT1_S361_RLIS[+80]PYKK,8520,HAT1,RLISPYKK,CL25,HAT1_CL25,RLIS[+80]PYKK,3340_HAT1_S361,S361,O14929,1,TRUE
343_RP11-373M8.1-002_S397_HRPS[+80]PPATPPPK,10250,SRRM1,HRPSPPATPPPK,CL37,RP11-373M8.1-002_CL37,HRPS[+80]PPATPPPK,343_RP11-373M8.1-002_S397,S402,Q8IYB3,1,TRUE
3435_MAP3K7_S439_S[+80]IQDLTVTGTEPGQVSSR,6885,MAP3K7,SIQDLTVTGTEPGQVSSR,CL30,MAP3K7_CL30,S[+80]IQDLTVTGTEPGQVSSR,3435_MAP3K7_S439,S439,O43318,1,TRUE
3555_BRD4_S1117_IHS[+80]PIIR,23476,BRD4,IHSPIIR,CL29,BRD4_CL29,IHS[+80]PIIR,3555_BRD4_S1117,S1117,O60885,1,TRUE
3604_KIAA0722_S556_LHS[+80]APNLSDLHVVRPK,8408,ULK1,LHSAPNLSDLHVVRPK,CL31,KIAA0722_CL31,LHS[+80]APNLSDLHVVRPK,3604_KIAA0722_S556,S556,O75385,1,TRUE
3738_KIF4_S801_TFS[+80]LTEVR,24137,KIF4A,TFSLTEVR,CL30,KIF4_CL30,TFS[+80]LTEVR,3738_KIF4_S801,S801,O95239,1,TRUE
38_DBP2_S103_LLEDS[+80]EESSEETVSR,8449,DHX16,LLEDSEESSEETVSR,CL41,DBP2_CL41,LLEDS[+80]EESSEETVSR,38_DBP2_S103,S103,O60231,1,TRUE
381_C22orf9_S247_SLVGS[+80]WLK,23313,C22orf9,SLVGSWLK,CL43,C22orf9_CL43,SLVGS[+80]WLK,381_C22orf9_S247,S304,Q6ICG6,1,TRUE
3995_BRAF_S446_TLGRRDS[+80]SDDWEIPDGQITVGQR,673,BRAF,TLGRRDSSDDWEIPDGQITVGQR,CL26,BRAF_CL26,TLGRRDS[+80]SDDWEIPDGQITVGQR,3995_BRAF_S446,S446,P15056,1,TRUE
4000_FOSL2_S200_S[+80]PPAPGLQPM[+16]R,2355,FOSL2,SPPAPGLQPMR,CL08,FOSL2_CL08,S[+80]PPAPGLQPM[+16]R,4000_FOSL2_S200,S200,P15408,1,TRUE
4000_FOSL2_S200_S[+80]PPAPGLQPMR,2355,FOSL2,SPPAPGLQPMR,CL08,FOSL2_CL08,S[+80]PPAPGLQPMR,4000_FOSL2_S200,S200,P15408,1,TRUE
4054_JUND_S100_LAS[+80]PELER,3727,JUND,LASPELER,CL53,JUND_CL53,LAS[+80]PELER,4054_JUND_S100,S100,P17535,1,TRUE
4262_RPL12_S38_IGPLGLS[+80]PK,6136,RPL12,IGPLGLSPK,CL17,RPL12_CL17,IGPLGLS[+80]PK,4262_RPL12_S38,S38,P30050,1,TRUE
4317_CAIN_S1012_TPS[+80]IQPSLLPHAAPFAK,8021,NUP214,TPSIQPSLLPHAAPFAK,CL35,CAIN_CL35,TPS[+80]IQPSLLPHAAPFAK,4317_CAIN_S1012,S1012,P35658,1,TRUE
4343_DDX48_S12_A[+42]TTATM[+16]ATSGS[+80]AR,9775,EIF4A3,ATTATMATSGSAR,CL18,DDX48_CL18,A[+42]TTATM[+16]ATSGS[+80]AR,4343_DDX48_S12,S12,P38919,1,TRUE
4343_DDX48_S12_A[+42]TTATMATSGS[+80]AR,9775,EIF4A3,ATTATMATSGSAR,CL18,DDX48_CL18,A[+42]TTATMATSGS[+80]AR,4343_DDX48_S12,S12,P38919,1,TRUE
4382_LAP2_S306_HAS[+80]PILPITEFSDIPR,7112,TMPO,HASPILPITEFSDIPR,CL32,LAP2_CL32,HAS[+80]PILPITEFSDIPR,4382_LAP2_S306,S306,P42167,1,TRUE
4474_BAT2_S1219_LIPGPLS[+80]PVAR,7916,BAT2,LIPGPLSPVAR,CL33,BAT2_CL33,LIPGPLS[+80]PVAR,4474_BAT2_S1219,S1219,P48634,1,TRUE
4499_FAS_S207_LGM[+16]LS[+80]PEGTC[+57]K,2194,FASN,LGMLSPEGTCK,CL12,FAS_CL12,LGM[+16]LS[+80]PEGTC[+57]K,4499_FAS_S207,S207,P49327,NA,NA
4499_FAS_S207_LGM[+16]LS[+80]PEGTC[+57]K,2194,FASN,LGMLSPEGTCK,CL12,FAS_CL12,LGMLS[+80]PEGTC[+57]K,4499_FAS_S207,S207,P49327,1,TRUE
4499_FAS_S207_LGMLS[+80]PEGTC[+57]K,2194,FASN,LGMLSPEGTCK,CL12,FAS_CL12,LGM[+16]LS[+80]PEGTC[+57]K,4499_FAS_S207,S207,P49327,1,TRUE
4499_FAS_S207_LGMLS[+80]PEGTC[+57]K,2194,FASN,LGMLSPEGTCK,CL12,FAS_CL12,LGMLS[+80]PEGTC[+57]K,4499_FAS_S207,S207,P49327,NA,NA
461_FAM76B_S193_ISNLS[+80]PEEEQGLWK,143684,FAM76B,ISNLSPEEEQGLWK,CL24,FAM76B_CL24,ISNLS[+80]PEEEQGLWK,461_FAM76B_S193,S193,Q5HYJ3,1,TRUE
4724_OK/SW-cl.2_S235_RRLS[+80]SLR,6194,RPS6,RRLSSLR,CL46,RPS6_CL46,RRLS[+80]SLR,4724_OK/SW-cl.2_S235,S235,P62753,1,TRUE
5003_AHNAK_S3426_VSMPDVELNLKS[+80]PK,79026,AHNAK,VSMPDVELNLKSPK,CL01,AHNAK_CL01,VSMPDVELNLKS[+80]PK,5003_AHNAK_S3426,S3426,Q09666,1,TRUE
5073_PAK2_S2_S[+122]DNGELEDKPPAPPVR,5062,PAK2,SDNGELEDKPPAPPVR,CL31,PAK2_CL31,S[+122]DNGELEDKPPAPPVR,5073_PAK2_S2,S2,Q13177,1,TRUE
5473_MAPKAPK1A_S230_KAYS[+80]FC[+57]GTVEYM[+16]APEVVNR,6195,RPS6KA1,KAYSFCGTVEYMAPEVVNR,CL43,MAPKAPK1A_CL43,KAYS[+80]FC[+57]GTVEYM[+16]APEVVNR,5473_MAPKAPK1A_S230,S230,Q15418,1,TRUE
5473_MAPKAPK1A_S230_KAYS[+80]FC[+57]GTVEYMAPEVVNR,6195,RPS6KA1,KAYSFCGTVEYMAPEVVNR,CL43,MAPKAPK1A_CL43,KAYS[+80]FC[+57]GTVEYMAPEVVNR,5473_MAPKAPK1A_S230,S230,Q15418,1,TRUE
5653_ZNF672_S189_IHVSRS[+80]PTRPR,79894,ZNF672,IHVSRSPTRPR,CL07,ZNF672_CL07,IHVSRS[+80]PTRPR,5653_ZNF672_S189,S189,Q499Z4,1,TRUE
5715_C17orf85_S500_RPHS[+80]PEKAFSSNPVVR,55421,C17orf85,RPHSPEKAFSSNPVVR,CL09,C17orf85_CL09,RPHS[+80]PEKAFSSNPVVR,5715_C17orf85_S500,S500,Q53F19,1,TRUE
6108_ATAD2_S327_KPNIFYSGPAS[+80]PARPR,29028,ATAD2,KPNIFYSGPASPARPR,CL05,ATAD2_CL05,KPNIFYSGPAS[+80]PARPR,6108_ATAD2_S327,S327,Q6PL18,1,TRUE
6244_KIAA1321_S652_NDS[+80]WGSFDLR,57532,NUFIP2,NDSWGSFDLR,CL42,KIAA1321_CL42,NDS[+80]WGSFDLR,6244_KIAA1321_S652,S652,Q7Z417,1,TRUE
6267_My038_S1179_LEVTEIVKPS[+80]PK,5930,RBBP6,LEVTEIVKPSPK,CL33,My038_CL33,LEVTEIVKPS[+80]PK,6267_My038_S1179,S1179,Q7Z6E9,1,TRUE
628_CASC3_S265_YGS[+80]PPQRDPNWNGER,22794,CASC3,YGSPPQRDPNWNGER,CL48,CASC3_CL48,YGS[+80]PPQRDPNWNGER,628_CASC3_S265,S265,O15234,1,TRUE
6423_AD029_S105_QDDS[+80]PPRPIIGPALPPGFIK,55425,KIAA1704,QDDSPPRPIIGPALPPGFIK,CL04,AD029_CL04,QDDS[+80]PPRPIIGPALPPGFIK,6423_AD029_S105,S105,Q8IXQ4,1,TRUE
6550_CCNYL1_S344_SFS[+80]ADNFIGIQR,151195,CCNYL1,SFSADNFIGIQR,CL45,CCNYL1_CL45,SFS[+80]ADNFIGIQR,6550_CCNYL1_S344,S344,Q8N7R7,1,TRUE
6582_NFATC2IP_S204_TEFLDLDNSPLSPPS[+80]PR,84901,NFATC2IP,TEFLDLDNSPLSPPSPR,CL50,NFATC2IP_CL50,TEFLDLDNSPLSPPS[+80]PR,6582_NFATC2IP_S204,S204,Q8NCF5,1,TRUE
6588_KIAA1991_S403_VLS[+80]PLIIK,254225,RNF169,VLSPLIIK,CL40,KIAA1991_CL40,VLS[+80]PLIIK,6588_KIAA1991_S403,S403,Q8NCN4,1,TRUE
6615_TB7_S44_AGS[+80]PDVLR,283337,ZNF740,AGSPDVLR,CL49,TB7_CL49,AGS[+80]PDVLR,6615_TB7_S44,S44,Q8NDX6,1,TRUE
6696_DDX54_S75_LGPGRPLPTFPTSEC[+57]TS[+80]DVEPDTR,79039,DDX54,LGPGRPLPTFPTSECTSDVEPDTR,CL02,DDX54_CL02,LGPGRPLPTFPTSEC[+57]TS[+80]DVEPDTR,6696_DDX54_S75,S75,Q8TDD1,1,TRUE
6776_A2D_S339_QGSGRES[+80]PSLASR,11273,ATXN2L,QGSGRESPSLASR,CL07,A2D_CL07,QGSGRES[+80]PSLASR,6776_A2D_S339,S339,Q8WWM7,1,TRUE
6797_AGS1_S224_LAAPSVSHVS[+80]PR,84126,ATRIP,LAAPSVSHVSPR,CL06,AGS1_CL06,LAAPSVSHVS[+80]PR,6797_AGS1_S224,S224,Q8WXE1,1,TRUE
6902_BAF45D_S142_VDDDS[+80]LGEFPVTNSR,5977,DPF2,VDDDSLGEFPVTNSR,CL51,BAF45D_CL51,VDDDS[+80]LGEFPVTNSR,6902_BAF45D_S142,S142,Q92785,1,TRUE
6927_BAF155_S310_NEEPVRS[+80]PERR,6599,SMARCC1,NEEPVRSPERR,CL10,BAF155_CL10,NEEPVRS[+80]PERR,6927_BAF155_S310,S310,Q92922,1,TRUE
6930_FUBP2_S480_LFIIRGS[+80]PQQIDHAK,8570,KHSRP,LFIIRGSPQQIDHAK,CL10,FUBP2_CL10,LFIIRGS[+80]PQQIDHAK,6930_FUBP2_S480,S480,Q92945,1,TRUE
6978_CIN85_S230_S[+80]IEVENDFLPVEK,30011,SH3KBP1,SIEVENDFLPVEK,CL55,CIN85_CL55,S[+80]IEVENDFLPVEK,6978_CIN85_S230,S230,Q96B97,1,TRUE
7094_C13orf8_S405_TAPTLS[+80]PEHWK,283489,C13orf8,TAPTLSPEHWK,CL52,C13orf8_CL52,TAPTLS[+80]PEHWK,7094_C13orf8_S405,S405,Q96JM3,1,TRUE
7161_RBM14_S618_RLS[+80]ESQLSFRR,10432,RBM14,RLSESQLSFRR,CL15,RBM14_CL15,RLS[+80]ESQLSFRR,7161_RBM14_S618,S618,Q96PK6,1,TRUE
7168_ALS2_S483_RLS[+80]LPGLLSQVSPR,57679,ALS2,RLSLPGLLSQVSPR,CL28,ALS2_CL28,RLS[+80]LPGLLSQVSPR,7168_ALS2_S483,S483,Q96Q42,1,TRUE
7173_CAT53_S313_VLS[+80]PTAAKPSPFEGK,5514,PPP1R10,VLSPTAAKPSPFEGK,CL19,CAT53_CL19,VLS[+80]PTAAKPSPFEGK,7173_CAT53_S313,S313,Q96QC0,1,TRUE
7210_HCA90_S774_SSDQPLTVPVS[+80]PK,22974,TPX2,SSDQPLTVPVSPK,CL18,HCA90_CL18,SSDQPLTVPVS[+80]PK,7210_HCA90_S774,S774,Q96RR5,1,TRUE
7240_HBXAP_S473_FYETKEESYS[+80]PSKDR,51773,RSF1,FYETKEESYSPSKDR,CL21,HBXAP_CL21,FYETKEESYS[+80]PSKDR,7240_HBXAP_S473,S473,Q96T23,1,TRUE
7365_KIAA1844_S64_SDS[+80]PENKYSDSTGHSK,51322,WAC,SDSPENKYSDSTGHSK,CL44,KIAA1844_CL44,SDS[+80]PENKYSDSTGHSK,7365_KIAA1844_S64,S64,Q9BTA9,1,TRUE
7518_KIAA1734_S515_S[+80]IPLSIK,63893,UBE2O,SIPLSIK,CL38,KIAA1734_CL38,S[+80]IPLSIK,7518_KIAA1734_S515,S515,Q9C0C9,1,TRUE
7710_CDW2_S121_RLS[+80]QSDEDVIR,80232,WDR26,RLSQSDEDVIR,CL22,CDW2_CL22,RLS[+80]QSDEDVIR,7710_CDW2_S121,S121,Q9H7D7,1,TRUE
7829_ANLN_S295_ATS[+80]PVKSTTSITDAK,54443,ANLN,ATSPVKSTTSITDAK,CL23,ANLN_CL23,ATS[+80]PVKSTTSITDAK,7829_ANLN_S295,S295,Q9NQW6,1,TRUE
7849_NANS_S275_ALGS[+80]PTKQLLPC[+57]EMAC[+57]NEK,54187,NANS,ALGSPTKQLLPCEMACNEK,CL01,NANS_CL01,ALGS[+80]PTKQLLPC[+57]EMAC[+57]NEK,7849_NANS_S275,S275,Q9NR45,1,TRUE
7934_PP8000_S203_YLLGDAPVS[+80]PSSQK,54386,TERF2IP,YLLGDAPVSPSSQK,CL51,PP8000_CL51,YLLGDAPVS[+80]PSSQK,7934_PP8000_S203,S203,Q9NYB0,1,TRUE
8115_LRWD1_S212_ANS[+80]PEKPPEAGAAHKPR,222229,LRWD1,ANSPEKPPEAGAAHKPR,CL27,LRWD1_CL27,ANS[+80]PEKPPEAGAAHKPR,8115_LRWD1_S212,S212,Q9UFC0,1,TRUE
8123_EPLIN_S362_SEVQQPVHPKPLS[+80]PDSR,51474,LIMA1,SEVQQPVHPKPLSPDSR,CL09,EPLIN_CL09,SEVQQPVHPKPLS[+80]PDSR,8123_EPLIN_S362,S362,Q9UHB6,1,TRUE
8124_EPLIN_S491_ETPHS[+80]PGVEDAPIAK,51474,LIMA1,ETPHSPGVEDAPIAK,CL19,EPLIN_CL19,ETPHS[+80]PGVEDAPIAK,8124_EPLIN_S491,S491,Q9UHB6,1,TRUE
8209_GPATC8_S1035_SQS[+80]PHYFR,23131,GPATCH8,SQSPHYFR,CL37,GPATC8_CL37,SQS[+80]PHYFR,8209_GPATC8_S1035,S1035,Q9UKJ3,1,TRUE
8380_HSPC075_S353_TQLWASEPGT[+80]PPLPTSLPSQNPILK,23524,SRRM2,TQLWASEPGTPPLPTSLPSQNPILK,CL41,SRRM2_CL41,TQLWASEPGT[+80]PPLPTSLPSQNPILK,8380_HSPC075_S353,S353,Q9UQ35,1,TRUE
8487_MAP3K2_S163_DRS[+80]SPPPGYIPDELHQVAR,10746,MAP3K2,DRSSPPPGYIPDELHQVAR,CL11,MAP3K2_CL11,DRS[+80]SPPPGYIPDELHQVAR,8487_MAP3K2_S163,S163,Q9Y2U5,1,TRUE
8498_THRAP3_S253_SPALKS[+80]PLQSVVVR,9967,THRAP3,SPALKSPLQSVVVR,CL35,THRAP3_CL35,SPALKS[+80]PLQSVVVR,8498_THRAP3_S253,S253,Q9Y2W1,1,TRUE
8541_NOC2L_S56_SPDKPGGS[+80]PSASRR,26155,NOC2L,SPDKPGGSPSASRR,CL17,NOC2L_CL17,SPDKPGGS[+80]PSASRR,8541_NOC2L_S56,S56,Q9Y3T9,1,TRUE
8567_DCAF1_S999_HLPS[+80]PPTLDSIITEYLR,9730,VPRBP,HLPSPPTLDSIITEYLR,CL22,DCAF1_CL22,HLPS[+80]PPTLDSIITEYLR,8567_DCAF1_S999,S1000,Q9Y4B6,1,TRUE
8879_BAT2D1_T2675_AFGSGIDIKPGT[+80]PPIAGR,23215,BAT2D1,AFGSGIDIKPGTPPIAGR,CL05,BAT2D1_CL05,AFGSGIDIKPGT[+80]PPIAGR,8879_BAT2D1_T2675,T2675,Q9Y520,1,TRUE
8982_EMK1_T597_ST[+80]FHAGQLR,2011,MARK2,STFHAGQLR,CL34,EMK1_CL34,ST[+80]FHAGQLR,8982_EMK1_T597,T596,Q7KZI7,1,TRUE
901_SLC38A1_S52_S[+80]LTNSHLEKK,81539,SLC38A1,SLTNSHLEKK,CL16,SLC38A1_CL16,S[+80]LTNSHLEKK,901_SLC38A1_S52,S52,Q9H2H9,1,TRUE
920_BAT2D1_S1546_SFS[+80]SQRPVDR,23215,BAT2D1,SFSSQRPVDR,CL48,BAT2D1_CL48,SFS[+80]SQRPVDR,920_BAT2D1_S1546,S1546,Q9Y520,1,TRUE
9285_CDC2_T161_VYT[+80]HEVVTLWYR,983,CDC2,VYTHEVVTLWYR,CL04,CDC2_CL04,VYT[+80]HEVVTLWYR,9285_CDC2_T161,T161,P06493,1,TRUE
9379_LAP2_T160_SST[+80]PLPTISSSAENTR,7112,TMPO,SSTPLPTISSSAENTR,CL49,LAP2_CL49,SST[+80]PLPTISSSAENTR,9379_LAP2_T160,T160,P42167,1,TRUE
9553_KIAA0035_T611_LQTPNT[+80]FPKR,9221,NOLC1,LQTPNTFPKR,CL54,KIAA0035_CL54,LQTPNT[+80]FPKR,9553_KIAA0035_T611,T611,Q14978,1,TRUE
9561_PLEC1_T3893_QIT[+80]M[+16]EELVR,5339,PLEC1,QITMEELVR,CL47,PLEC1_CL47,QIT[+80]M[+16]EELVR,9561_PLEC1_T3893,T3893,Q15149,1,TRUE
9561_PLEC1_T3893_QIT[+80]MEELVR,5339,PLEC1,QITMEELVR,CL47,PLEC1_CL47,QIT[+80]MEELVR,9561_PLEC1_T3893,T3893,Q15149,1,TRUE
9940_HSPC075_T1492_ALPQT[+80]PRPR,23524,SRRM2,ALPQTPRPR,CL52,HSPC075_CL52,ALPQT[+80]PRPR,9940_HSPC075_T1492,T1492,Q9UQ35,1,TRUE
